sepal_length,sepal_width,petal_length,petal_width,species,soil_type
5.16,3.41,1.64,0.26,setosa,sandy
5.48,4.05,1.53,0.37,setosa,clay
5.1,2.8,1.47,0.38,setosa,sandy
4.64,3.44,1.53,0.17,setosa,clay
4.85,2.87,1.23,0.26,setosa,loamy
4.91,3.19,1.86,0.35,setosa,clay
4.47,3.91,1.42,0.41,setosa,clay
5.05,4.13,1.59,0.22,setosa,loamy
5.2,3.22,1.44,0.21,setosa,clay
4.68,2.95,1.59,0.15,setosa,sandy
4.85,3.68,1.53,0.36,setosa,clay
4.68,4.09,1.12,0.24,setosa,clay
5.35,3.5,1.66,0.2,setosa,clay
5.23,3.78,1.38,0.33,setosa,loamy
5.4,4.1,1.34,0.29,setosa,clay
4.48,3.31,1.4,0.27,setosa,clay
5.22,3.32,1.81,0.35,setosa,sandy
5.01,4.27,1.55,0.28,setosa,clay
4.34,3.96,1.62,0.49,setosa,clay
4.95,2.92,1.65,0.28,setosa,clay
5.77,3.45,1.45,0.33,setosa,clay
5.18,2.96,1.26,0.22,setosa,sandy
5.34,3.15,1.33,0.2,setosa,sandy
4.75,2.8,1.15,0.31,setosa,loamy
5.15,3.58,1.63,0.29,setosa,clay
5.16,3.14,1.36,0.27,setosa,loamy
5.57,3.4,1.43,0.32,setosa,loamy
4.58,3.68,1.6,0.3,setosa,clay
5.16,3.02,1.64,0.43,setosa,sandy
5.32,3.12,1.59,0.15,setosa,sandy
5.35,3.16,1.66,0.24,setosa,clay
4.91,3.52,1.61,0.48,setosa,clay
4.35,2.75,1.39,0.22,setosa,sandy
4.63,4.44,1.18,0.47,setosa,clay
5.46,3.15,1.29,0.3,setosa,clay
4.39,3.83,1.56,0.43,setosa,clay
4.48,2.4,1.54,0.27,setosa,sandy
4.96,3.61,1.64,0.34,setosa,loamy
5.37,3.01,1.2,0.31,setosa,loamy
4.52,3.95,1.91,0.42,setosa,clay
5.74,2.73,1.54,0.32,setosa,sandy
5.53,4.44,1.77,0.36,setosa,clay
4.9,2.56,1.51,0.23,setosa,sandy
5.01,4.05,1.35,0.34,setosa,clay
4.87,3.85,1.5,0.37,setosa,sandy
4.57,3.12,1.56,0.24,setosa,sandy
5.09,3.47,1.69,0.35,setosa,loamy
5.14,4.06,1.44,0.21,setosa,clay
5.33,3.63,1.63,0.26,setosa,loamy
5.31,2.94,1.44,0.29,setosa,loamy
5.63,3.26,1.7,0.27,setosa,sandy
5.04,3.92,1.4,0.21,setosa,clay
5.09,3.27,1.51,0.59,setosa,sandy
5.11,3.14,1.77,0.26,setosa,sandy
5.0,2.9,1.41,0.24,setosa,sandy
5.49,3.03,1.97,0.18,setosa,clay
4.99,3.43,1.39,0.55,setosa,clay
4.66,2.97,1.42,0.33,setosa,sandy
5.67,4.02,1.58,0.29,setosa,clay
4.62,3.15,1.07,0.25,setosa,sandy
5.01,3.97,1.24,0.33,setosa,clay
5.04,3.48,1.33,0.27,setosa,clay
4.8,3.89,1.99,0.32,setosa,loamy
4.39,2.83,1.92,0.29,setosa,sandy
5.06,3.81,1.81,0.22,setosa,loamy
4.08,3.03,1.29,0.29,setosa,loamy
5.45,2.47,1.48,0.17,setosa,sandy
5.43,2.38,1.33,0.2,setosa,sandy
4.55,4.0,1.83,0.37,setosa,clay
4.95,2.82,1.6,0.28,setosa,sandy
5.45,2.84,1.45,0.34,setosa,loamy
4.8,3.58,1.8,0.1,setosa,loamy
5.14,2.69,1.54,0.24,setosa,sandy
5.26,3.16,1.31,0.37,setosa,loamy
5.55,4.1,1.86,0.34,setosa,clay
5.49,3.59,1.37,0.26,setosa,loamy
5.27,3.57,1.45,0.28,setosa,clay
4.84,3.79,1.58,0.29,setosa,loamy
5.68,3.66,1.62,0.36,setosa,clay
4.97,3.63,1.56,0.27,setosa,clay
5.01,3.72,1.63,0.35,setosa,sandy
5.7,3.94,1.36,0.24,setosa,clay
5.19,2.55,1.64,0.29,setosa,sandy
5.6,3.32,1.67,0.25,setosa,loamy
5.32,3.14,1.39,0.21,setosa,loamy
4.94,3.19,1.4,0.26,setosa,loamy
4.43,3.23,1.54,0.39,setosa,clay
5.0,3.96,1.22,0.33,setosa,loamy
5.22,3.05,1.8,0.27,setosa,loamy
5.3,2.59,1.58,0.16,setosa,sandy
5.11,2.96,1.66,0.37,setosa,sandy
4.99,3.45,1.61,0.27,setosa,loamy
5.26,3.47,1.62,0.26,setosa,loamy
5.69,3.43,1.67,0.49,setosa,clay
5.71,3.43,1.58,0.37,setosa,clay
4.16,3.13,1.36,0.24,setosa,loamy
5.05,3.49,1.37,0.25,setosa,sandy
4.88,3.61,1.81,0.25,setosa,loamy
5.72,3.68,1.19,0.5,setosa,clay
5.27,3.32,1.32,0.36,setosa,sandy
4.91,2.8,1.29,0.14,setosa,sandy
4.86,3.63,1.45,0.35,setosa,clay
5.55,3.01,1.7,0.31,setosa,loamy
5.05,3.14,1.07,0.47,setosa,loamy
5.73,3.52,1.98,0.32,setosa,loamy
4.74,4.15,1.7,0.41,setosa,clay
4.59,3.15,1.6,0.38,setosa,sandy
4.82,2.91,1.85,0.19,setosa,clay
5.84,3.44,1.59,0.39,setosa,loamy
4.66,3.72,1.92,0.27,setosa,clay
4.18,2.86,1.5,0.33,setosa,sandy
5.08,3.38,1.3,0.47,setosa,clay
4.93,3.76,1.42,0.34,setosa,loamy
4.72,2.64,1.34,0.25,setosa,sandy
4.78,3.31,1.46,0.28,setosa,clay
4.93,3.81,1.94,0.35,setosa,clay
5.42,3.16,1.55,0.27,setosa,sandy
4.82,2.15,1.36,0.29,setosa,sandy
5.88,3.26,1.39,0.44,setosa,loamy
6.36,3.16,1.7,0.26,setosa,sandy
4.39,3.53,1.48,0.28,setosa,loamy
4.67,3.24,1.4,0.12,setosa,clay
4.84,4.07,1.9,0.4,setosa,loamy
5.46,3.91,1.49,0.25,setosa,clay
4.88,2.49,1.4,0.2,setosa,sandy
4.45,4.1,1.57,0.55,setosa,clay
5.07,2.73,1.51,0.2,setosa,sandy
5.46,3.81,1.61,0.27,setosa,clay
4.73,4.04,1.41,0.26,setosa,clay
5.28,4.12,1.53,0.27,setosa,clay
4.65,3.95,1.13,0.34,setosa,clay
4.7,3.54,1.55,0.25,setosa,loamy
5.18,3.11,1.56,0.33,setosa,clay
4.97,3.33,1.54,0.21,setosa,loamy
5.29,2.68,1.49,0.26,setosa,sandy
5.06,3.26,1.77,0.17,setosa,sandy
5.41,3.3,1.0,0.18,setosa,loamy
5.3,2.98,1.62,0.18,setosa,sandy
5.42,2.81,1.72,0.3,setosa,sandy
5.45,3.49,1.45,0.31,setosa,clay
5.17,3.61,1.49,0.48,setosa,clay
4.21,3.38,1.73,0.26,setosa,clay
5.27,4.14,1.24,0.29,setosa,loamy
5.48,2.54,1.66,0.22,setosa,loamy
4.68,3.17,1.61,0.24,setosa,sandy
5.11,4.44,1.46,0.2,setosa,clay
5.12,3.04,1.56,0.3,setosa,loamy
4.96,3.21,1.53,0.27,setosa,loamy
5.2,3.6,1.5,0.33,setosa,clay
5.11,3.54,1.5,0.19,setosa,loamy
5.18,4.22,1.64,0.16,setosa,clay
4.64,2.54,1.46,0.39,setosa,sandy
5.09,2.8,1.19,0.31,setosa,sandy
6.15,2.85,1.55,0.13,setosa,sandy
5.43,3.83,1.59,0.38,setosa,clay
5.54,3.91,1.21,0.32,setosa,loamy
4.55,2.83,1.73,0.2,setosa,sandy
4.25,3.37,1.39,0.26,setosa,sandy
4.56,2.47,1.48,0.29,setosa,sandy
4.48,2.95,1.54,0.4,setosa,loamy
4.84,2.79,1.34,0.45,setosa,loamy
4.21,3.6,1.46,0.25,setosa,clay
5.58,3.41,1.48,0.35,setosa,sandy
5.77,3.38,1.46,0.2,setosa,loamy
4.96,3.68,1.53,0.29,setosa,clay
4.95,2.75,1.54,0.29,setosa,sandy
5.16,3.93,1.5,0.28,setosa,loamy
5.35,2.62,1.04,0.44,setosa,loamy
4.43,3.35,1.5,0.27,setosa,clay
5.61,3.28,1.34,0.44,setosa,sandy
4.73,2.98,1.51,0.18,setosa,sandy
5.15,3.19,1.3,0.35,setosa,loamy
5.14,3.24,1.73,0.3,setosa,sandy
5.48,3.63,1.43,0.38,setosa,clay
5.25,3.3,1.54,0.25,setosa,loamy
4.61,2.82,1.33,0.42,setosa,loamy
4.49,4.44,1.2,0.35,setosa,clay
4.99,3.35,1.17,0.38,setosa,loamy
4.92,3.18,1.37,0.32,setosa,sandy
5.17,3.05,1.57,0.29,setosa,sandy
4.74,3.75,1.89,0.22,setosa,loamy
4.86,3.89,1.53,0.27,setosa,clay
5.33,3.37,1.52,0.24,setosa,clay
5.25,3.15,1.54,0.09,setosa,sandy
5.47,4.1,1.5,0.38,setosa,clay
4.65,3.33,1.12,0.16,setosa,loamy
4.95,3.12,1.6,0.22,setosa,loamy
4.88,2.43,1.47,0.11,setosa,sandy
4.79,3.67,1.33,0.26,setosa,sandy
4.63,3.14,1.63,0.32,setosa,sandy
6.28,3.79,1.62,0.41,setosa,clay
4.9,4.05,1.61,0.3,setosa,loamy
5.51,3.18,1.36,0.42,setosa,loamy
5.1,2.76,1.67,0.34,setosa,loamy
4.86,3.01,1.38,0.28,setosa,sandy
5.04,3.53,1.49,0.24,setosa,loamy
5.55,3.93,1.74,0.43,setosa,clay
5.35,3.82,1.69,0.16,setosa,clay
4.58,3.75,1.53,0.23,setosa,loamy
5.24,2.85,1.57,0.28,setosa,sandy
4.95,3.27,1.69,0.23,setosa,loamy
4.96,3.45,1.49,0.26,setosa,clay
4.9,3.68,1.8,0.33,setosa,clay
5.25,3.17,1.7,0.34,setosa,clay
5.26,3.82,1.6,0.33,setosa,loamy
5.67,3.62,1.38,0.45,setosa,clay
5.45,2.77,1.45,0.32,setosa,sandy
4.39,3.06,1.44,0.26,setosa,loamy
4.85,3.58,1.26,0.24,setosa,loamy
5.19,3.5,1.8,0.23,setosa,clay
4.81,3.93,1.58,0.29,setosa,clay
5.39,3.81,1.71,0.32,setosa,sandy
4.7,3.31,1.44,0.22,setosa,loamy
5.68,3.45,1.29,0.36,setosa,clay
4.68,3.04,1.31,0.3,setosa,sandy
5.46,4.44,1.61,0.15,setosa,clay
5.35,3.48,1.34,0.26,setosa,loamy
5.19,3.43,1.67,0.42,setosa,clay
4.88,4.07,1.13,0.28,setosa,loamy
5.2,4.15,1.51,0.36,setosa,clay
4.71,3.9,2.04,0.23,setosa,loamy
5.13,2.76,1.67,0.35,setosa,sandy
5.26,3.54,1.59,0.45,setosa,loamy
5.35,3.18,1.65,0.32,setosa,sandy
5.68,3.13,1.49,0.27,setosa,loamy
4.92,3.37,1.37,0.24,setosa,sandy
4.76,4.05,1.64,0.3,setosa,clay
5.17,3.71,1.81,0.52,setosa,loamy
4.78,3.82,1.41,0.49,setosa,clay
4.73,2.9,1.58,0.28,setosa,sandy
5.3,3.17,1.92,0.2,setosa,loamy
4.7,3.69,1.69,0.19,setosa,loamy
4.69,4.44,1.72,0.24,setosa,clay
5.4,3.2,1.24,0.18,setosa,loamy
5.4,3.27,1.53,0.37,setosa,loamy
5.14,3.67,0.96,0.44,setosa,clay
4.37,3.1,1.63,0.22,setosa,loamy
4.82,3.98,1.48,0.33,setosa,clay
4.86,4.1,1.25,0.44,setosa,clay
5.47,3.92,1.57,0.39,setosa,clay
5.03,4.08,1.57,0.5,setosa,clay
4.57,4.29,1.35,0.4,setosa,clay
4.96,2.72,1.39,0.2,setosa,sandy
5.03,2.3,1.66,0.16,setosa,sandy
4.76,4.05,1.55,0.14,setosa,clay
4.89,2.73,1.68,0.22,setosa,sandy
5.44,3.18,1.46,0.23,setosa,sandy
4.99,2.69,1.48,0.33,setosa,loamy
4.54,3.63,1.35,0.25,setosa,clay
5.02,3.13,1.91,0.35,setosa,sandy
5.3,3.19,1.97,0.34,setosa,loamy
5.24,3.61,1.65,0.39,setosa,loamy
5.41,3.9,1.65,0.32,setosa,clay
5.49,3.81,1.62,0.27,setosa,clay
5.11,3.61,1.59,0.23,setosa,loamy
4.86,4.44,1.46,0.33,setosa,clay
5.27,3.79,1.89,0.37,setosa,clay
5.12,2.69,1.57,0.19,setosa,loamy
4.73,4.07,1.46,0.41,setosa,loamy
5.37,4.09,1.29,0.19,setosa,clay
5.62,2.87,1.84,0.24,setosa,sandy
5.13,3.1,1.47,0.44,setosa,clay
4.72,3.04,1.78,0.35,setosa,sandy
4.76,3.17,1.62,0.37,setosa,loamy
5.08,2.7,1.49,0.3,setosa,sandy
5.7,2.78,1.73,0.08,setosa,loamy
4.82,4.34,1.64,0.18,setosa,clay
4.94,4.05,1.38,0.4,setosa,clay
5.27,3.19,1.33,0.13,setosa,loamy
5.39,3.72,1.19,0.24,setosa,loamy
5.12,4.15,1.48,0.28,setosa,loamy
5.21,3.73,1.61,0.3,setosa,clay
5.2,3.72,1.4,0.37,setosa,clay
5.16,2.85,1.62,0.27,setosa,sandy
5.22,3.47,1.36,0.08,setosa,loamy
5.66,2.79,1.72,0.05,setosa,sandy
5.08,3.29,1.55,0.17,setosa,clay
4.89,3.02,1.26,0.43,setosa,sandy
4.98,3.03,1.57,0.33,setosa,sandy
4.98,4.17,1.89,0.38,setosa,clay
5.47,3.24,1.76,0.45,setosa,clay
5.02,3.18,1.81,0.21,setosa,loamy
5.39,3.07,1.68,0.27,setosa,sandy
4.8,4.11,1.72,0.35,setosa,clay
5.12,4.08,1.67,0.21,setosa,clay
4.86,2.8,1.38,0.38,setosa,sandy
4.88,3.27,1.49,0.35,setosa,clay
4.91,2.55,1.79,0.29,setosa,loamy
5.46,3.68,1.23,0.21,setosa,loamy
5.29,2.81,1.46,0.44,setosa,sandy
4.41,2.82,1.22,0.46,setosa,loamy
5.8,3.97,1.62,0.56,setosa,clay
5.13,3.98,1.44,0.43,setosa,clay
4.64,3.6,1.52,0.26,setosa,clay
4.91,3.33,1.12,0.35,setosa,clay
5.58,2.35,1.52,0.32,setosa,sandy
4.56,3.32,1.41,0.44,setosa,loamy
4.93,2.82,1.46,0.29,setosa,loamy
4.33,3.82,1.36,0.42,setosa,clay
4.95,3.31,1.45,0.32,setosa,sandy
4.95,3.76,1.43,0.27,setosa,clay
4.66,3.5,1.42,0.35,setosa,clay
4.85,2.69,1.41,0.4,setosa,sandy
5.17,3.33,1.5,0.36,setosa,sandy
4.58,4.44,1.36,0.29,setosa,clay
5.15,3.55,1.22,0.28,setosa,loamy
4.94,3.66,1.64,0.4,setosa,clay
4.76,2.93,1.72,0.49,setosa,loamy
4.94,4.0,1.53,0.51,setosa,loamy
5.11,3.47,1.79,0.22,setosa,sandy
5.06,2.67,1.48,0.27,setosa,sandy
4.92,3.48,1.48,0.19,setosa,clay
4.98,3.67,1.55,0.18,setosa,loamy
5.34,2.92,1.11,0.33,setosa,loamy
4.7,3.94,1.75,0.38,setosa,clay
5.45,3.3,1.67,0.32,setosa,clay
4.86,3.54,1.57,0.16,setosa,clay
5.67,3.19,1.49,0.39,setosa,sandy
5.25,3.71,1.25,0.3,setosa,clay
4.98,3.63,1.84,0.38,setosa,clay
5.16,3.78,1.38,0.29,setosa,loamy
4.26,3.97,1.25,0.18,setosa,clay
5.35,4.35,1.32,0.12,setosa,loamy
4.9,3.34,1.45,0.36,setosa,loamy
5.39,3.0,1.71,0.26,setosa,sandy
4.9,3.46,1.48,0.4,setosa,clay
5.3,3.77,1.73,0.24,setosa,clay
5.2,3.71,1.66,0.36,setosa,loamy
4.93,2.6,1.76,0.19,setosa,sandy
4.68,2.95,1.23,0.2,setosa,sandy
5.16,3.97,1.46,0.39,setosa,clay
4.87,3.29,1.61,0.16,setosa,loamy
5.44,4.28,1.26,0.37,setosa,clay
5.32,3.69,1.56,0.5,setosa,clay
5.1,3.73,1.49,0.29,setosa,clay
5.04,4.16,1.56,0.36,setosa,clay
4.33,3.77,1.87,0.2,setosa,loamy
4.52,2.33,1.18,0.28,setosa,sandy
4.73,2.75,1.48,0.46,setosa,clay
4.34,3.78,1.32,0.32,setosa,clay
4.95,3.25,1.54,0.32,setosa,clay
4.87,3.3,1.66,0.27,setosa,clay
5.21,3.41,1.54,0.2,setosa,sandy
5.78,2.89,1.31,0.17,setosa,sandy
4.71,3.54,1.45,0.31,setosa,sandy
5.98,2.77,1.78,0.22,setosa,sandy
5.31,4.44,1.62,0.4,setosa,clay
5.01,3.02,1.34,0.22,setosa,loamy
5.1,3.0,2.03,0.28,setosa,sandy
5.3,2.7,1.29,0.13,setosa,sandy
5.27,4.08,1.13,0.5,setosa,clay
4.45,4.44,1.68,0.34,setosa,clay
5.32,3.98,1.46,0.31,setosa,clay
4.71,4.2,1.53,0.58,setosa,clay
5.46,3.58,1.47,0.33,setosa,loamy
4.71,3.09,1.42,0.34,setosa,loamy
5.64,2.54,1.29,0.13,setosa,sandy
5.36,3.77,1.63,0.32,setosa,loamy
5.13,3.04,1.66,0.15,setosa,sandy
5.03,3.15,1.52,0.32,setosa,sandy
5.38,2.99,1.69,0.5,setosa,loamy
5.14,3.22,1.75,0.22,setosa,sandy
5.03,4.44,1.85,0.35,setosa,clay
5.5,2.25,1.5,0.34,setosa,sandy
5.34,3.93,1.59,0.3,setosa,clay
4.9,3.09,1.45,0.21,setosa,loamy
5.55,3.61,1.35,0.39,setosa,loamy
5.28,2.69,1.21,0.31,setosa,sandy
4.88,3.9,1.46,0.32,setosa,clay
4.53,2.65,1.44,0.24,setosa,sandy
5.55,3.31,1.67,0.32,setosa,loamy
4.39,2.38,1.43,0.31,setosa,sandy
4.7,3.82,1.26,0.27,setosa,sandy
5.74,4.44,1.41,0.35,setosa,clay
5.23,3.75,1.93,0.34,setosa,loamy
4.92,2.9,1.5,0.23,setosa,sandy
5.14,4.13,1.52,0.31,setosa,clay
4.49,2.78,1.55,0.37,setosa,sandy
5.21,3.52,1.55,0.15,setosa,clay
4.86,4.44,1.88,0.37,setosa,clay
5.27,2.57,1.75,0.4,setosa,sandy
5.57,3.9,1.4,0.45,setosa,loamy
4.98,2.72,1.46,0.16,setosa,loamy
5.04,3.07,1.57,0.37,setosa,clay
4.42,2.22,1.41,0.24,setosa,loamy
5.81,3.57,1.61,0.49,setosa,clay
4.54,3.54,1.36,0.34,setosa,loamy
5.2,2.72,1.78,0.36,setosa,sandy
4.93,3.67,1.32,0.37,setosa,loamy
5.43,3.69,1.61,0.22,setosa,clay
4.15,4.24,1.6,0.36,setosa,clay
4.94,3.59,1.58,0.25,setosa,loamy
5.15,2.51,1.33,0.2,setosa,sandy
5.08,3.8,1.4,0.28,setosa,clay
4.7,3.42,1.37,0.46,setosa,clay
4.6,3.71,1.59,0.49,setosa,clay
4.96,3.66,1.66,0.35,setosa,clay
4.81,2.62,1.46,0.36,setosa,clay
4.04,2.55,1.5,0.31,setosa,sandy
5.29,3.02,1.59,0.39,setosa,loamy
5.59,2.28,4.15,1.43,versicolor,sandy
5.94,2.89,3.89,0.91,versicolor,sandy
5.7,2.5,4.31,1.38,versicolor,clay
6.21,3.23,4.79,1.07,versicolor,sandy
6.09,3.44,4.59,1.19,versicolor,clay
6.33,2.26,4.41,0.97,versicolor,sandy
5.68,3.49,5.2,1.71,versicolor,clay
6.57,2.76,4.53,1.61,versicolor,clay
5.72,2.23,3.95,1.27,versicolor,sandy
6.95,2.06,3.76,1.16,versicolor,sandy
5.78,2.84,4.13,1.54,versicolor,loamy
6.14,3.19,4.02,1.38,versicolor,loamy
6.16,2.85,4.73,1.85,versicolor,loamy
6.51,2.32,4.58,1.06,versicolor,sandy
5.4,2.73,4.25,1.34,versicolor,sandy
5.1,2.83,5.09,1.39,versicolor,clay
5.74,2.66,5.1,1.27,versicolor,loamy
6.18,2.96,4.96,1.57,versicolor,clay
7.24,2.94,4.36,1.18,versicolor,clay
6.39,2.98,4.78,1.84,versicolor,clay
5.82,3.19,4.96,1.42,versicolor,clay
6.05,2.86,3.86,1.5,versicolor,loamy
6.21,2.9,4.31,1.4,versicolor,clay
6.35,2.86,5.03,0.85,versicolor,sandy
6.59,2.43,3.98,0.98,versicolor,sandy
6.2,2.7,4.45,1.2,versicolor,sandy
6.23,3.38,4.45,1.27,versicolor,loamy
6.42,2.98,4.21,1.26,versicolor,clay
5.6,2.71,3.06,1.41,versicolor,loamy
6.29,2.94,4.4,1.4,versicolor,clay
6.63,3.08,4.9,1.24,versicolor,loamy
5.55,3.06,3.65,1.47,versicolor,loamy
5.72,2.99,4.38,1.88,versicolor,clay
6.25,2.32,4.09,1.22,versicolor,loamy
6.37,3.79,3.91,1.4,versicolor,clay
6.27,2.68,4.55,1.11,versicolor,sandy
6.37,2.45,3.68,1.16,versicolor,sandy
4.52,2.48,4.39,1.29,versicolor,sandy
6.13,3.21,3.75,0.84,versicolor,loamy
7.21,2.81,4.75,1.41,versicolor,sandy
6.34,2.61,5.35,1.57,versicolor,clay
7.52,2.31,4.35,0.98,versicolor,sandy
5.91,2.94,4.02,1.18,versicolor,sandy
5.86,2.38,4.27,1.34,versicolor,loamy
6.08,2.89,4.13,1.41,versicolor,clay
5.13,3.06,3.59,1.31,versicolor,loamy
6.2,2.6,4.56,1.02,versicolor,loamy
4.91,3.14,4.31,1.64,versicolor,clay
6.38,2.57,4.35,1.39,versicolor,loamy
6.37,3.14,4.06,1.26,versicolor,clay
5.5,1.97,4.96,1.01,versicolor,sandy
6.1,3.36,3.37,1.12,versicolor,clay
5.61,3.1,3.48,1.67,versicolor,clay
6.18,2.84,5.6,1.81,versicolor,clay
6.12,2.41,3.37,1.13,versicolor,loamy
6.08,2.83,4.25,1.39,versicolor,clay
5.33,3.53,4.24,1.5,versicolor,clay
6.23,3.24,4.19,1.46,versicolor,clay
5.63,2.57,4.66,1.19,versicolor,sandy
5.9,2.98,3.78,1.5,versicolor,clay
5.99,2.87,4.58,0.92,versicolor,loamy
6.52,2.83,4.33,1.3,versicolor,clay
5.52,3.52,4.54,1.46,versicolor,clay
6.87,2.17,4.09,1.28,versicolor,sandy
6.0,3.04,4.81,1.3,versicolor,clay
6.78,2.28,4.37,1.45,versicolor,loamy
6.33,3.23,4.99,1.06,versicolor,clay
5.39,2.8,3.6,1.19,versicolor,loamy
6.95,2.71,4.24,1.18,versicolor,sandy
5.0,2.79,3.93,1.31,versicolor,clay
5.65,2.15,5.24,1.47,versicolor,sandy
5.53,3.27,4.47,1.6,versicolor,clay
6.19,2.81,4.1,1.41,versicolor,loamy
6.25,2.33,4.29,1.09,versicolor,sandy
6.22,3.08,4.39,1.97,versicolor,clay
6.41,2.87,4.46,1.24,versicolor,loamy
5.44,2.12,4.53,1.26,versicolor,sandy
7.17,3.97,3.94,1.48,versicolor,clay
5.0,2.29,4.57,1.21,versicolor,sandy
5.8,2.83,3.85,1.23,versicolor,clay
5.73,2.99,3.63,1.51,versicolor,loamy
4.94,2.69,5.52,1.15,versicolor,loamy
5.59,2.54,5.09,1.44,versicolor,sandy
7.2,1.96,4.03,1.05,versicolor,sandy
7.0,3.06,4.86,1.6,versicolor,clay
6.39,2.64,4.28,1.04,versicolor,loamy
6.05,3.13,4.45,1.44,versicolor,clay
4.95,3.19,4.79,1.31,versicolor,loamy
5.97,2.76,4.1,1.09,versicolor,sandy
6.41,3.12,3.27,2.06,versicolor,clay
6.08,3.21,4.23,1.42,versicolor,clay
6.13,2.72,4.86,1.32,versicolor,loamy
6.6,1.9,4.55,1.64,versicolor,loamy
5.85,2.62,4.33,1.32,versicolor,loamy
5.85,2.44,5.1,1.23,versicolor,sandy
5.55,3.33,3.94,1.17,versicolor,clay
6.24,2.9,4.39,1.24,versicolor,loamy
6.82,2.57,4.26,1.12,versicolor,sandy
6.55,3.14,5.21,1.55,versicolor,loamy
5.77,2.79,4.28,1.27,versicolor,clay
5.56,2.73,3.99,1.34,versicolor,loamy
5.83,2.72,3.32,1.38,versicolor,clay
5.11,2.1,4.4,1.22,versicolor,sandy
6.78,2.39,4.11,0.92,versicolor,sandy
6.15,2.36,4.13,0.96,versicolor,loamy
6.54,2.66,4.21,1.44,versicolor,clay
6.79,3.45,2.84,1.45,versicolor,clay
6.79,2.76,4.57,1.31,versicolor,clay
6.93,3.62,4.79,1.44,versicolor,loamy
5.84,2.49,4.31,1.29,versicolor,clay
5.59,3.11,3.84,1.32,versicolor,clay
6.23,3.03,3.93,1.53,versicolor,clay
6.76,2.83,4.19,1.41,versicolor,clay
5.18,2.54,3.9,1.24,versicolor,loamy
6.0,2.81,3.8,1.37,versicolor,loamy
6.51,3.01,5.14,1.49,versicolor,clay
5.03,2.97,4.53,1.18,versicolor,clay
6.78,2.58,5.15,1.13,versicolor,sandy
5.55,2.26,4.33,1.07,versicolor,sandy
5.84,3.0,4.45,1.74,versicolor,clay
5.13,2.29,4.06,1.52,versicolor,clay
5.67,2.34,3.86,0.88,versicolor,sandy
6.46,2.51,4.16,1.32,versicolor,sandy
6.47,3.16,4.61,1.19,versicolor,clay
5.11,2.98,4.65,1.14,versicolor,loamy
5.8,3.18,4.74,1.13,versicolor,loamy
5.8,3.2,4.03,1.79,versicolor,clay
5.6,3.02,4.11,1.58,versicolor,clay
6.32,2.3,4.38,1.04,versicolor,sandy
4.91,2.32,4.12,0.78,versicolor,sandy
5.85,2.65,5.17,1.4,versicolor,loamy
5.26,3.42,4.36,1.57,versicolor,clay
6.57,2.35,4.79,1.2,versicolor,sandy
6.2,2.62,5.12,1.49,versicolor,loamy
5.54,2.25,4.6,1.58,versicolor,loamy
5.95,2.83,4.2,1.24,versicolor,loamy
5.41,2.26,4.35,1.38,versicolor,sandy
6.17,2.74,4.29,0.76,versicolor,sandy
5.27,2.94,4.19,1.5,versicolor,clay
6.58,3.36,3.96,1.35,versicolor,clay
6.57,3.23,4.16,1.38,versicolor,loamy
5.49,2.42,4.8,1.05,versicolor,loamy
6.29,2.33,4.12,1.16,versicolor,sandy
5.44,2.99,4.12,1.17,versicolor,sandy
6.93,3.08,3.28,1.43,versicolor,clay
6.17,3.42,4.53,1.38,versicolor,clay
5.14,2.91,3.29,1.7,versicolor,clay
5.15,2.61,4.23,1.29,versicolor,sandy
6.06,2.62,5.1,1.03,versicolor,loamy
5.58,3.31,4.54,1.47,versicolor,clay
6.3,2.71,5.17,1.51,versicolor,clay
6.99,2.48,3.95,1.16,versicolor,sandy
5.24,3.21,4.26,1.49,versicolor,clay
5.61,2.87,4.63,1.19,versicolor,loamy
6.94,2.37,4.06,1.21,versicolor,sandy
6.72,2.94,4.26,1.32,versicolor,clay
6.49,2.77,3.9,1.65,versicolor,clay
5.56,2.51,3.19,1.16,versicolor,sandy
5.63,2.57,3.57,1.28,versicolor,sandy
5.7,3.38,4.18,1.23,versicolor,clay
6.83,2.22,4.04,1.29,versicolor,loamy
5.39,1.95,5.15,1.14,versicolor,sandy
5.72,3.18,4.03,1.37,versicolor,loamy
5.24,3.13,3.42,1.35,versicolor,clay
4.93,2.78,4.79,1.16,versicolor,loamy
6.49,2.69,4.38,1.39,versicolor,clay
5.08,3.22,4.74,1.81,versicolor,clay
6.06,2.95,3.92,1.39,versicolor,clay
5.34,2.75,3.91,1.52,versicolor,clay
6.18,2.86,4.53,1.1,versicolor,loamy
6.96,2.74,3.68,1.23,versicolor,clay
6.22,2.96,4.09,1.47,versicolor,clay
7.24,3.22,4.28,1.58,versicolor,loamy
5.9,2.52,4.87,1.09,versicolor,sandy
6.71,2.34,4.78,1.66,versicolor,loamy
5.65,2.9,4.73,1.09,versicolor,loamy
6.66,2.66,5.23,1.84,versicolor,loamy
6.16,3.7,4.85,1.6,versicolor,clay
6.72,3.18,4.6,1.53,versicolor,clay
5.95,2.71,5.06,1.4,versicolor,clay
6.03,2.77,4.31,1.08,versicolor,sandy
5.35,2.97,4.19,1.63,versicolor,clay
6.12,2.31,4.84,1.22,versicolor,sandy
6.3,3.22,3.46,1.32,versicolor,clay
5.9,2.61,4.49,1.31,versicolor,loamy
6.12,2.87,4.46,1.53,versicolor,clay
5.94,2.12,3.52,1.28,versicolor,sandy
6.33,2.49,4.49,1.04,versicolor,sandy
6.86,3.18,4.78,1.16,versicolor,clay
5.45,3.04,4.24,1.24,versicolor,loamy
5.49,3.5,3.97,1.21,versicolor,clay
5.61,2.47,3.75,1.67,versicolor,clay
6.17,2.91,3.97,1.75,versicolor,clay
6.94,3.16,4.69,1.4,versicolor,loamy
6.08,2.42,4.16,0.89,versicolor,sandy
6.04,2.69,3.67,1.03,versicolor,loamy
5.8,2.04,4.15,0.93,versicolor,sandy
5.24,2.15,5.07,1.33,versicolor,sandy
5.91,2.07,3.62,1.05,versicolor,sandy
5.99,2.82,3.92,1.22,versicolor,loamy
5.62,3.04,3.9,1.55,versicolor,clay
5.58,3.31,5.4,1.67,versicolor,clay
6.32,3.63,4.57,1.23,versicolor,clay
6.85,3.22,4.0,1.3,versicolor,clay
6.08,2.66,4.33,1.42,versicolor,clay
6.22,2.82,5.0,1.6,versicolor,loamy
6.58,2.88,3.96,1.41,versicolor,loamy
6.63,2.41,5.04,1.23,versicolor,loamy
6.02,2.76,4.29,1.31,versicolor,loamy
6.08,2.34,4.45,1.43,versicolor,loamy
5.21,2.98,4.95,1.55,versicolor,loamy
6.56,2.87,4.37,1.4,versicolor,loamy
5.38,2.73,3.64,1.14,versicolor,clay
6.28,2.81,4.27,1.07,versicolor,sandy
6.15,2.91,3.94,1.37,versicolor,loamy
6.18,2.11,4.33,1.31,versicolor,sandy
5.42,2.71,4.54,1.49,versicolor,loamy
6.85,3.55,4.77,1.23,versicolor,loamy
6.08,3.46,3.72,1.14,versicolor,clay
5.53,2.59,4.4,1.32,versicolor,sandy
6.81,2.82,3.82,1.78,versicolor,clay
5.69,3.04,3.91,1.54,versicolor,clay
6.26,2.2,4.55,0.76,versicolor,sandy
5.71,3.42,4.29,1.76,versicolor,clay
6.28,2.87,3.9,1.12,versicolor,loamy
5.7,2.48,4.19,1.4,versicolor,loamy
7.4,3.14,3.52,1.08,versicolor,loamy
6.15,2.91,3.62,1.0,versicolor,loamy
5.85,2.96,4.53,1.23,versicolor,loamy
5.73,2.81,4.4,0.98,versicolor,clay
6.43,2.96,4.72,2.13,versicolor,clay
6.49,2.95,4.95,1.41,versicolor,loamy
6.16,2.53,5.02,1.02,versicolor,loamy
5.66,2.96,4.64,1.29,versicolor,clay
5.23,2.37,4.75,1.35,versicolor,sandy
5.8,3.01,4.01,1.14,versicolor,clay
5.5,2.86,5.74,1.59,versicolor,clay
5.07,2.47,4.65,1.87,versicolor,clay
5.86,3.31,5.28,1.44,versicolor,clay
6.45,3.52,3.14,1.43,versicolor,clay
5.42,2.42,3.86,1.23,versicolor,sandy
5.76,3.02,4.0,1.12,versicolor,loamy
5.84,2.37,4.67,1.25,versicolor,loamy
7.24,2.07,4.08,1.1,versicolor,sandy
5.97,3.26,4.77,1.38,versicolor,loamy
6.27,3.11,4.58,1.31,versicolor,loamy
5.65,2.78,5.15,1.21,versicolor,loamy
6.99,2.35,4.11,1.09,versicolor,sandy
6.25,1.7,4.04,0.97,versicolor,sandy
6.46,2.64,3.95,1.34,versicolor,loamy
5.51,2.46,3.47,1.5,versicolor,loamy
6.03,2.09,4.3,1.3,versicolor,loamy
6.2,2.71,4.5,1.7,versicolor,clay
6.69,3.39,4.38,1.4,versicolor,clay
6.62,3.56,4.23,1.42,versicolor,clay
5.91,2.73,4.61,1.34,versicolor,sandy
6.62,3.05,4.53,1.17,versicolor,loamy
6.46,2.44,4.42,1.0,versicolor,sandy
7.22,2.78,4.77,1.22,versicolor,sandy
5.35,2.5,4.3,1.31,versicolor,sandy
5.9,2.68,5.63,1.31,versicolor,loamy
6.15,2.57,4.1,1.29,versicolor,clay
5.43,3.27,4.14,1.45,versicolor,loamy
5.6,3.12,4.35,1.49,versicolor,loamy
6.01,2.57,3.82,1.32,versicolor,sandy
6.2,2.15,3.72,1.08,versicolor,sandy
6.25,2.07,4.27,0.81,versicolor,sandy
5.99,3.29,4.89,1.66,versicolor,clay
5.43,2.43,4.52,1.45,versicolor,clay
5.93,3.1,4.38,1.13,versicolor,clay
6.07,3.08,4.84,1.2,versicolor,loamy
6.14,2.08,4.38,1.24,versicolor,sandy
5.73,2.8,4.92,1.45,versicolor,loamy
6.46,3.45,4.44,1.31,versicolor,clay
6.61,2.69,5.06,0.87,versicolor,sandy
6.92,3.4,4.2,1.6,versicolor,clay
5.95,2.49,4.1,1.31,versicolor,sandy
5.48,2.71,4.03,1.36,versicolor,sandy
6.1,2.12,4.32,1.05,versicolor,loamy
5.94,2.76,4.74,1.44,versicolor,loamy
5.7,3.72,5.61,1.49,versicolor,clay
6.83,3.22,5.42,1.33,versicolor,loamy
6.98,3.34,4.27,1.21,versicolor,loamy
7.36,2.6,4.64,1.05,versicolor,loamy
6.6,2.51,4.01,1.17,versicolor,sandy
5.91,2.96,4.38,1.34,versicolor,loamy
6.02,2.66,3.13,1.34,versicolor,clay
7.24,2.69,4.63,1.06,versicolor,sandy
5.9,2.25,4.1,1.17,versicolor,sandy
5.68,3.01,4.48,1.09,versicolor,loamy
6.76,2.2,4.58,0.86,versicolor,sandy
5.91,3.3,4.36,1.63,versicolor,clay
5.85,2.86,4.07,1.46,versicolor,clay
6.05,2.33,4.39,0.9,versicolor,sandy
5.8,2.9,4.14,1.28,versicolor,loamy
5.69,2.41,4.77,1.22,versicolor,loamy
5.56,2.12,4.02,1.06,versicolor,sandy
6.19,2.95,3.78,1.38,versicolor,clay
5.9,2.21,4.04,0.97,versicolor,sandy
6.15,2.87,4.9,0.99,versicolor,loamy
6.59,2.54,4.71,1.86,versicolor,loamy
5.84,2.15,4.15,0.82,versicolor,sandy
5.78,2.82,4.62,1.31,versicolor,clay
7.31,2.59,5.2,1.04,versicolor,sandy
6.1,2.42,4.5,1.56,versicolor,clay
5.89,2.61,4.23,1.74,versicolor,clay
6.52,2.4,4.18,1.41,versicolor,sandy
5.01,2.06,4.47,0.98,versicolor,sandy
5.78,3.04,4.85,1.45,versicolor,clay
7.04,2.99,4.88,1.67,versicolor,clay
6.62,2.65,4.42,1.09,versicolor,clay
5.89,2.81,4.62,1.2,versicolor,clay
6.03,3.1,4.46,1.3,versicolor,loamy
6.96,2.35,3.94,1.21,versicolor,sandy
6.45,3.08,3.87,1.37,versicolor,clay
5.66,2.48,4.11,1.09,versicolor,sandy
5.5,2.75,4.4,1.35,versicolor,clay
6.01,2.52,4.7,1.24,versicolor,sandy
6.33,2.17,3.48,1.03,versicolor,sandy
5.96,3.03,3.63,1.3,versicolor,clay
6.01,3.2,3.43,1.01,versicolor,clay
6.02,2.82,3.08,1.03,versicolor,sandy
6.33,1.8,4.25,1.17,versicolor,sandy
6.17,3.43,4.58,1.14,versicolor,sandy
5.75,2.88,3.24,1.61,versicolor,loamy
5.58,3.01,4.22,1.25,versicolor,clay
5.66,2.36,3.4,1.39,versicolor,loamy
5.56,2.81,3.99,1.5,versicolor,loamy
6.7,3.74,4.11,1.63,versicolor,clay
6.31,3.47,4.38,1.53,versicolor,clay
5.77,2.84,3.98,1.45,versicolor,loamy
6.31,3.08,4.47,1.47,versicolor,clay
6.71,2.24,5.22,1.22,versicolor,sandy
6.28,2.76,3.97,1.35,versicolor,sandy
5.04,2.71,3.9,1.22,versicolor,loamy
6.67,2.73,5.04,1.16,versicolor,loamy
6.37,2.08,4.6,1.21,versicolor,clay
6.53,3.42,4.11,1.11,versicolor,clay
5.36,3.43,4.42,1.65,versicolor,loamy
6.42,2.54,4.87,1.29,versicolor,loamy
5.68,2.14,3.72,0.96,versicolor,sandy
6.16,2.37,4.97,1.21,versicolor,sandy
4.92,3.14,3.43,1.57,versicolor,clay
6.32,2.46,3.5,1.37,versicolor,sandy
6.65,3.14,4.95,1.15,versicolor,clay
6.2,3.15,4.25,1.6,versicolor,clay
6.24,3.15,3.66,1.23,versicolor,clay
7.08,2.58,4.27,1.62,versicolor,sandy
5.38,2.8,4.36,1.22,versicolor,loamy
6.04,2.7,4.03,0.95,versicolor,loamy
5.67,2.84,3.28,0.89,versicolor,sandy
6.57,2.29,4.78,1.0,versicolor,loamy
5.85,3.48,4.7,1.34,versicolor,clay
5.56,3.24,3.61,0.99,versicolor,loamy
5.62,2.58,3.45,0.65,versicolor,sandy
6.04,3.03,4.82,1.12,versicolor,loamy
6.46,3.31,3.42,1.38,versicolor,clay
4.62,2.89,4.03,1.45,versicolor,clay
6.41,2.63,4.81,1.07,versicolor,sandy
5.42,2.4,4.16,1.22,versicolor,sandy
5.61,2.44,4.64,1.14,versicolor,sandy
7.0,2.97,4.86,0.99,versicolor,clay
5.5,2.54,4.72,1.55,versicolor,loamy
7.19,2.42,4.24,1.08,versicolor,loamy
5.34,2.37,4.07,1.2,versicolor,sandy
6.24,2.63,4.61,1.2,versicolor,loamy
6.65,2.77,3.4,1.3,versicolor,loamy
5.25,2.77,4.43,1.15,versicolor,sandy
5.51,2.79,4.51,1.49,versicolor,sandy
6.35,2.92,4.88,1.49,versicolor,clay
5.29,2.73,5.14,1.44,versicolor,clay
5.81,3.48,3.98,1.45,versicolor,clay
4.97,3.34,3.28,1.44,versicolor,clay
5.44,3.22,4.36,1.52,versicolor,loamy
6.2,2.92,4.89,1.36,versicolor,loamy
7.16,3.47,4.23,1.66,versicolor,clay
5.2,3.32,3.82,1.49,versicolor,clay
5.72,2.31,4.79,0.83,versicolor,sandy
6.08,2.96,4.3,1.12,versicolor,loamy
6.4,3.24,4.01,1.07,versicolor,loamy
6.52,2.94,4.15,1.26,versicolor,clay
4.94,3.15,4.23,1.51,versicolor,loamy
5.93,2.42,4.42,1.13,versicolor,sandy
6.38,2.49,3.74,1.43,versicolor,sandy
6.14,2.68,4.67,1.13,versicolor,loamy
6.21,2.81,4.95,0.97,versicolor,clay
5.88,2.63,5.08,1.5,versicolor,loamy
6.76,2.27,4.45,0.96,versicolor,sandy
5.32,2.48,2.9,1.36,versicolor,clay
6.52,2.8,3.36,1.2,versicolor,loamy
5.67,2.9,3.9,1.52,versicolor,clay
6.04,3.19,3.81,0.99,versicolor,clay
5.44,2.59,4.3,1.15,versicolor,sandy
5.81,2.81,3.64,1.48,versicolor,clay
6.4,2.84,3.4,1.12,versicolor,loamy
5.34,3.02,4.33,1.46,versicolor,clay
5.62,3.51,4.09,1.7,versicolor,clay
6.08,3.07,4.88,1.7,versicolor,loamy
5.09,1.81,5.44,1.01,versicolor,sandy
6.09,2.55,4.82,0.87,versicolor,sandy
6.59,3.42,5.42,2.0,virginica,loamy
6.36,3.18,5.25,1.88,virginica,loamy
7.75,2.22,6.33,1.81,virginica,sandy
6.94,3.96,6.32,2.68,virginica,clay
5.97,3.19,4.18,1.71,virginica,loamy
7.28,3.48,4.56,2.28,virginica,clay
6.29,3.47,5.93,1.65,virginica,loamy
6.7,2.03,6.31,1.72,virginica,sandy
6.1,3.38,5.17,2.81,virginica,clay
6.57,3.65,6.3,1.94,virginica,clay
5.48,3.44,5.62,2.9,virginica,loamy
6.7,3.02,4.59,2.2,virginica,clay
6.82,3.15,5.72,1.51,virginica,loamy
7.13,2.53,5.78,1.78,virginica,sandy
7.28,3.87,4.8,1.93,virginica,clay
5.98,3.53,5.28,2.05,virginica,loamy
5.94,3.18,5.6,2.74,virginica,clay
6.83,2.75,5.65,2.09,virginica,loamy
6.33,3.31,6.15,2.13,virginica,loamy
6.61,3.21,5.7,1.98,virginica,loamy
5.49,2.73,5.37,1.69,virginica,sandy
6.72,3.26,5.32,2.92,virginica,clay
7.88,1.93,5.14,1.56,virginica,sandy
5.71,2.56,5.87,1.97,virginica,loamy
6.25,3.36,6.23,1.5,virginica,loamy
7.07,2.3,5.9,1.48,virginica,sandy
7.35,2.76,6.61,2.1,virginica,sandy
5.73,3.37,6.39,2.27,virginica,clay
6.23,3.18,6.7,1.72,virginica,loamy
7.11,3.21,5.45,1.59,virginica,sandy
5.51,2.98,5.79,1.97,virginica,loamy
6.47,2.77,6.28,2.26,virginica,loamy
7.5,2.74,5.04,2.37,virginica,clay
7.92,2.85,6.48,2.24,virginica,clay
7.24,4.03,4.9,2.15,virginica,clay
6.28,2.97,6.1,1.56,virginica,sandy
6.78,3.58,5.46,2.52,virginica,loamy
6.12,2.41,5.56,1.49,virginica,sandy
6.15,2.49,5.6,1.74,virginica,sandy
6.71,2.93,5.54,1.63,virginica,clay
5.34,2.57,4.71,1.55,virginica,loamy
6.54,3.14,5.25,2.52,virginica,loamy
6.88,2.89,6.24,2.37,virginica,clay
5.36,2.66,5.76,2.33,virginica,loamy
6.81,3.1,5.22,1.91,virginica,clay
7.07,2.83,7.01,1.98,virginica,sandy
5.95,2.6,5.96,1.6,virginica,sandy
5.51,2.91,5.97,2.16,virginica,clay
7.71,2.04,5.36,1.7,virginica,sandy
7.81,2.43,5.59,2.03,virginica,sandy
6.98,3.2,5.91,2.29,virginica,clay
7.47,2.65,5.97,1.14,virginica,sandy
6.03,2.84,5.02,2.49,virginica,loamy
6.53,2.53,7.05,1.59,virginica,sandy
5.64,3.03,5.7,2.13,virginica,clay
6.72,3.13,5.3,2.03,virginica,loamy
7.08,3.4,4.71,2.25,virginica,loamy
6.72,2.92,5.47,1.91,virginica,sandy
7.82,3.24,5.74,2.0,virginica,loamy
6.16,3.44,6.0,1.8,virginica,clay
6.61,3.54,5.65,1.92,virginica,loamy
6.37,2.26,5.84,1.37,virginica,sandy
6.16,2.23,5.01,1.58,virginica,sandy
4.88,3.63,5.65,1.9,virginica,loamy
6.47,2.85,6.05,2.13,virginica,clay
6.51,3.6,6.49,2.83,virginica,clay
6.64,2.5,6.01,1.45,virginica,sandy
6.92,2.54,5.51,1.8,virginica,sandy
6.0,2.87,5.17,1.79,virginica,clay
7.66,3.44,6.89,1.63,virginica,loamy
6.21,2.93,4.88,1.1,virginica,loamy
7.46,3.21,4.98,1.97,virginica,loamy
6.21,2.97,5.13,1.57,virginica,loamy
7.3,3.96,5.84,1.9,virginica,clay
6.41,2.48,5.84,1.71,virginica,sandy
6.99,2.53,6.41,1.56,virginica,sandy
6.69,3.08,5.51,1.84,virginica,loamy
7.3,3.06,5.54,2.05,virginica,clay
6.75,3.49,6.36,1.61,virginica,clay
7.23,2.23,4.36,1.85,virginica,loamy
5.87,3.48,5.92,1.48,virginica,loamy
6.72,3.59,5.08,1.52,virginica,loamy
7.44,2.97,4.57,1.43,virginica,sandy
7.81,3.45,5.25,1.61,virginica,loamy
6.92,2.55,6.21,1.52,virginica,sandy
7.55,2.88,6.23,2.65,virginica,clay
6.87,3.82,6.45,2.46,virginica,clay
6.52,2.08,5.16,1.66,virginica,sandy
5.32,2.57,5.6,2.43,virginica,sandy
6.36,2.17,5.78,1.73,virginica,sandy
5.42,2.9,6.01,1.67,virginica,sandy
6.68,3.34,5.86,1.94,virginica,loamy
6.74,3.64,6.14,2.49,virginica,clay
5.69,3.14,5.87,2.2,virginica,loamy
5.94,2.27,5.18,1.65,virginica,sandy
7.68,2.61,6.39,2.3,virginica,loamy
6.0,2.64,5.28,1.58,virginica,loamy
7.02,3.5,6.02,2.07,virginica,clay
7.27,3.4,6.35,1.52,virginica,loamy
7.22,3.25,5.57,2.7,virginica,clay
8.29,2.64,5.28,1.6,virginica,sandy
5.93,3.3,5.73,1.79,virginica,loamy
6.42,2.55,4.46,1.52,virginica,sandy
6.92,3.43,5.05,2.11,virginica,clay
7.21,2.78,4.75,1.56,virginica,sandy
5.64,2.57,5.04,1.81,virginica,sandy
6.03,3.69,6.57,2.09,virginica,clay
6.81,2.42,4.52,1.61,virginica,sandy
7.32,2.67,5.8,1.95,virginica,sandy
6.85,2.65,5.48,1.75,virginica,sandy
5.77,2.89,5.09,1.92,virginica,loamy
7.07,2.62,5.57,1.59,virginica,sandy
7.18,3.52,6.37,2.15,virginica,clay
7.02,3.12,6.23,1.85,virginica,loamy
6.49,3.72,5.41,1.46,virginica,loamy
6.7,3.37,4.89,1.81,virginica,clay
6.87,2.73,5.77,1.3,virginica,sandy
7.14,3.17,5.28,2.04,virginica,loamy
6.88,3.09,5.19,2.27,virginica,loamy
7.17,3.0,5.6,2.01,virginica,loamy
7.02,2.89,5.47,1.75,virginica,sandy
8.485,3.05,6.21,1.83,virginica,loamy
6.78,3.55,6.33,2.23,virginica,clay
6.95,2.35,6.01,1.86,virginica,sandy
7.57,3.3,5.29,2.27,virginica,clay
6.33,2.94,6.43,2.56,virginica,clay
6.14,3.5,5.26,2.04,virginica,loamy
5.91,2.61,6.4,2.19,virginica,loamy
7.65,2.9,5.98,1.49,virginica,loamy
6.91,3.25,7.84,2.95,virginica,clay
5.82,2.03,6.62,2.18,virginica,sandy
6.7,3.33,4.63,1.94,virginica,loamy
7.42,2.75,5.08,1.47,virginica,loamy
7.43,3.2,4.29,2.09,virginica,clay
6.22,2.29,5.1,1.75,virginica,sandy
6.71,3.34,4.94,2.34,virginica,clay
5.51,3.06,5.27,2.06,virginica,loamy
6.43,3.4,6.52,1.76,virginica,clay
6.41,2.28,6.5,1.95,virginica,loamy
6.75,2.65,5.38,2.23,virginica,sandy
5.99,3.49,5.78,2.19,virginica,clay
5.88,3.41,5.57,1.99,virginica,loamy
7.15,2.82,5.36,1.69,virginica,loamy
5.37,3.12,4.73,1.68,virginica,loamy
5.21,2.9,4.29,1.61,virginica,loamy
5.84,2.89,5.52,2.24,virginica,clay
7.18,2.73,6.23,1.87,virginica,loamy
6.86,3.13,5.3,2.44,virginica,clay
6.98,2.85,5.85,1.88,virginica,loamy
6.28,2.88,6.17,2.38,virginica,clay
5.72,3.32,4.61,1.74,virginica,clay
6.87,2.3,5.11,2.02,virginica,loamy
5.82,3.11,5.84,2.23,virginica,loamy
5.68,2.43,5.07,2.13,virginica,loamy
6.18,2.52,4.88,1.85,virginica,loamy
6.44,2.57,5.32,1.76,virginica,sandy
6.11,3.1,5.17,2.26,virginica,loamy
6.34,2.84,6.15,2.22,virginica,loamy
5.91,2.9,5.93,1.7,virginica,loamy
5.83,3.25,6.11,2.41,virginica,clay
7.13,2.54,4.85,1.73,virginica,loamy
7.63,3.23,6.55,2.43,virginica,clay
6.15,3.47,5.54,1.85,virginica,clay
6.69,3.26,6.54,1.85,virginica,clay
6.04,3.21,4.65,2.42,virginica,clay
6.98,2.53,5.5,1.52,virginica,sandy
6.71,3.57,5.39,1.94,virginica,loamy
6.08,3.33,5.74,2.46,virginica,clay
6.47,3.33,5.16,1.51,virginica,loamy
5.53,3.26,6.02,2.4,virginica,clay
5.39,2.32,5.85,1.88,virginica,sandy
5.08,3.2,5.22,2.28,virginica,clay
6.84,3.15,5.8,2.39,virginica,loamy
6.21,3.45,5.23,1.55,virginica,loamy
6.74,2.76,5.92,1.85,virginica,sandy
8.14,2.73,5.51,2.08,virginica,loamy
7.28,2.55,6.17,1.9,virginica,loamy
5.93,3.38,6.11,2.03,virginica,clay
5.54,3.02,6.03,1.79,virginica,loamy
7.05,3.35,5.37,2.41,virginica,clay
6.19,2.11,6.19,1.64,virginica,sandy
7.0,3.16,5.48,1.99,virginica,loamy
6.91,3.83,4.62,2.09,virginica,clay
6.56,3.1,5.6,2.08,virginica,loamy
6.73,2.99,6.62,1.8,virginica,clay
6.12,1.91,5.94,2.16,virginica,sandy
7.32,3.49,5.49,2.48,virginica,clay
6.74,2.75,5.45,1.72,virginica,loamy
6.54,3.1,7.25,2.5,virginica,clay
7.63,3.11,5.96,2.03,virginica,loamy
6.96,2.73,5.36,2.05,virginica,sandy
6.62,2.6,4.83,2.16,virginica,clay
6.2,2.58,5.97,2.06,virginica,loamy
7.18,3.13,6.04,2.05,virginica,loamy
6.9,2.75,6.02,2.62,virginica,loamy
8.485,2.93,6.37,2.63,virginica,clay
6.77,3.14,5.6,1.67,virginica,clay
5.35,3.11,6.19,1.84,virginica,clay
5.11,2.56,4.3,1.86,virginica,sandy
7.55,3.17,4.5,2.01,virginica,loamy
6.86,3.15,5.18,1.88,virginica,loamy
4.75,2.34,4.62,1.84,virginica,sandy
6.55,2.13,5.1,1.78,virginica,sandy
6.34,3.09,4.99,2.29,virginica,clay
6.19,3.37,5.25,2.5,virginica,clay
5.67,3.58,7.05,1.76,virginica,clay
5.92,3.04,5.28,2.14,virginica,clay
6.98,2.79,6.33,2.52,virginica,clay
6.41,3.7,5.0,1.28,virginica,clay
6.92,2.38,6.15,1.61,virginica,sandy
5.79,2.66,5.83,1.88,virginica,sandy
6.83,3.13,5.86,1.49,virginica,sandy
6.0,3.08,5.88,2.37,virginica,loamy
6.19,3.02,6.07,2.03,virginica,loamy
7.57,3.25,6.2,2.16,virginica,clay
5.85,2.59,5.67,1.67,virginica,sandy
6.56,3.02,4.35,1.58,virginica,loamy
7.39,2.79,5.08,2.28,virginica,loamy
6.64,2.6,4.51,1.47,virginica,sandy
6.23,2.87,4.98,1.34,virginica,loamy
8.1,2.45,5.96,1.74,virginica,loamy
7.47,2.56,6.56,1.68,virginica,sandy
5.77,3.29,5.68,1.82,virginica,loamy
7.09,2.23,5.22,1.76,virginica,sandy
6.84,3.01,6.03,1.83,virginica,loamy
7.79,2.81,4.56,1.4,virginica,sandy
6.68,3.47,5.97,2.1,virginica,loamy
7.72,2.77,6.08,2.28,virginica,loamy
7.54,2.49,6.37,1.42,virginica,sandy
6.16,2.64,5.07,1.45,virginica,loamy
7.02,2.48,4.7,1.46,virginica,sandy
5.92,3.0,5.4,1.33,virginica,sandy
6.24,2.96,5.0,2.47,virginica,loamy
6.83,3.05,6.58,2.6,virginica,clay
7.09,3.0,5.39,2.14,virginica,loamy
6.71,3.42,5.93,2.76,virginica,clay
6.63,3.21,4.63,1.43,virginica,clay
6.75,3.33,5.5,2.07,virginica,loamy
7.07,3.2,5.28,1.9,virginica,clay
6.1,2.62,5.77,1.63,virginica,sandy
6.23,2.0,5.19,1.67,virginica,sandy
6.79,3.25,5.53,2.49,virginica,clay
5.57,2.6,6.09,1.62,virginica,sandy
6.43,3.24,5.61,1.95,virginica,loamy
7.61,2.6,5.14,1.75,virginica,sandy
5.96,3.13,5.69,2.11,virginica,clay
8.38,2.77,5.85,2.21,virginica,loamy
7.34,2.6,5.8,1.77,virginica,sandy
5.3,2.8,6.65,1.36,virginica,loamy
4.55,3.59,6.1,1.79,virginica,clay
6.21,2.17,6.03,1.54,virginica,sandy
6.82,2.12,5.25,1.77,virginica,loamy
6.39,2.9,4.77,1.61,virginica,loamy
6.97,2.66,6.23,1.26,virginica,sandy
6.72,2.44,5.96,1.69,virginica,loamy
6.46,3.33,4.24,2.34,virginica,loamy
7.55,3.42,4.84,2.45,virginica,clay
5.57,3.76,5.49,2.18,virginica,clay
5.46,2.79,5.04,2.19,virginica,clay
7.93,3.36,6.66,2.14,virginica,clay
6.16,3.63,4.44,2.55,virginica,clay
7.06,4.21,5.82,1.82,virginica,clay
7.22,2.68,5.87,1.79,virginica,sandy
7.18,3.78,5.93,1.94,virginica,clay
6.42,2.75,5.23,2.5,virginica,loamy
6.89,2.42,5.99,1.63,virginica,sandy
6.6,2.31,5.16,2.05,virginica,loamy
6.95,3.19,5.45,2.7,virginica,clay
5.19,3.23,4.41,1.69,virginica,clay
6.49,3.06,5.0,1.69,virginica,loamy
7.16,3.32,6.75,1.66,virginica,loamy
6.64,3.12,5.22,2.04,virginica,loamy
6.75,2.35,6.27,1.8,virginica,sandy
7.19,2.71,4.63,2.17,virginica,clay
6.28,2.65,4.81,1.88,virginica,loamy
5.85,3.61,5.12,1.81,virginica,clay
6.11,3.2,4.65,1.51,virginica,loamy
6.49,2.62,5.12,1.98,virginica,clay
6.66,2.91,6.63,2.02,virginica,sandy
6.55,3.11,4.58,2.42,virginica,clay
7.22,2.64,5.55,2.08,virginica,loamy
6.06,3.56,4.89,2.42,virginica,clay
6.95,2.23,6.09,1.54,virginica,sandy
6.73,2.45,5.8,1.82,virginica,sandy
5.1,3.2,4.55,2.41,virginica,clay
8.24,3.39,6.63,2.18,virginica,loamy
6.47,2.1,5.24,1.91,virginica,sandy
5.26,2.6,5.47,1.93,virginica,sandy
7.27,3.44,5.71,1.69,virginica,clay
7.27,2.73,5.76,1.52,virginica,sandy
6.73,2.89,5.71,1.59,virginica,sandy
6.14,3.14,5.27,2.64,virginica,loamy
5.81,2.94,5.72,2.26,virginica,loamy
7.03,3.07,4.33,1.81,virginica,loamy
6.99,2.99,4.81,2.99,virginica,clay
5.98,2.53,5.58,1.76,virginica,sandy
5.92,2.74,4.66,1.83,virginica,clay
6.89,2.87,5.41,1.85,virginica,sandy
7.47,2.14,6.14,1.61,virginica,sandy
7.09,2.76,5.1,1.55,virginica,sandy
6.34,3.09,5.7,2.17,virginica,loamy
6.42,3.18,5.49,2.54,virginica,clay
6.09,3.43,5.34,2.38,virginica,clay
6.64,2.78,4.83,1.16,virginica,sandy
6.65,2.54,6.08,1.75,virginica,clay
7.23,3.35,6.17,1.63,virginica,loamy
6.69,3.01,4.6,1.72,virginica,clay
5.75,1.96,5.82,1.65,virginica,sandy
6.13,3.21,5.34,1.79,virginica,loamy
6.35,3.25,6.28,2.07,virginica,loamy
6.8,2.75,4.44,1.68,virginica,sandy
5.88,3.36,4.13,1.91,virginica,clay
6.17,2.43,5.22,1.88,virginica,sandy
7.74,3.48,6.52,2.31,virginica,clay
5.54,3.54,4.82,1.76,virginica,clay
6.94,3.36,5.72,2.39,virginica,loamy
7.48,2.67,5.52,1.42,virginica,sandy
6.73,3.48,5.71,2.28,virginica,loamy
7.01,2.8,6.08,1.87,virginica,sandy
5.56,2.73,5.2,1.8,virginica,sandy
6.47,3.14,5.09,2.1,virginica,loamy
7.15,2.46,5.46,1.24,virginica,sandy
6.69,2.27,6.17,1.93,virginica,sandy
7.54,3.92,5.39,2.02,virginica,clay
5.16,2.19,5.07,2.02,virginica,sandy
5.92,2.73,5.39,1.52,virginica,sandy
7.35,3.15,5.76,2.11,virginica,loamy
5.76,3.36,5.86,2.07,virginica,loamy
6.83,2.28,5.48,1.5,virginica,sandy
6.65,3.04,4.85,2.2,virginica,clay
6.82,4.22,5.09,2.62,virginica,clay
6.0,3.34,6.57,2.3,virginica,loamy
7.04,2.9,5.69,1.56,virginica,sandy
6.95,2.43,5.38,1.42,virginica,sandy
6.72,3.58,6.08,2.21,virginica,clay
5.37,3.11,5.18,2.97,virginica,clay
6.44,3.29,5.81,2.49,virginica,clay
7.26,3.26,5.86,2.04,virginica,loamy
6.44,2.45,5.87,1.4,virginica,sandy
6.07,3.2,4.64,2.05,virginica,loamy
5.99,2.74,4.72,2.14,virginica,sandy
7.43,2.55,6.29,1.86,virginica,loamy
6.57,2.51,6.69,1.76,virginica,sandy
6.45,3.2,6.24,2.01,virginica,clay
6.11,3.5,4.98,2.82,virginica,clay
6.5,3.64,5.59,2.0,virginica,clay
7.05,3.3,5.12,2.25,virginica,loamy
6.52,3.46,5.32,1.9,virginica,clay
6.48,2.65,5.8,1.31,virginica,sandy
6.8,3.42,5.45,2.47,virginica,loamy
8.03,3.01,5.81,2.02,virginica,sandy
6.26,3.07,4.99,2.1,virginica,loamy
6.98,1.97,6.52,1.63,virginica,sandy
6.45,2.51,6.23,1.64,virginica,sandy
6.99,3.01,6.41,1.15,virginica,loamy
5.98,3.26,4.88,2.37,virginica,loamy
6.04,3.08,5.49,2.58,virginica,clay
5.38,3.06,6.09,2.32,virginica,clay
6.01,1.8,5.92,2.14,virginica,sandy
5.2,1.74,5.77,1.42,virginica,sandy
6.35,2.91,5.98,1.89,virginica,sandy
5.61,3.06,5.83,2.47,virginica,loamy
6.83,3.25,5.07,2.03,virginica,loamy
6.97,4.11,5.67,2.49,virginica,clay
7.12,2.25,5.17,1.26,virginica,sandy
6.49,3.1,6.52,2.03,virginica,clay
6.05,3.6,6.11,2.07,virginica,loamy
6.98,2.58,5.13,2.15,virginica,loamy
7.53,2.65,5.79,1.54,virginica,loamy
7.03,3.46,5.27,2.36,virginica,clay
7.42,2.75,5.07,1.82,virginica,loamy
6.01,2.33,4.83,1.9,virginica,sandy
6.82,3.29,4.68,1.89,virginica,clay
6.33,2.95,5.93,2.19,virginica,loamy
7.02,3.15,6.1,2.68,virginica,clay
6.94,3.42,4.99,1.83,virginica,clay
7.85,2.86,5.63,1.75,virginica,loamy
6.42,3.06,5.77,1.78,virginica,loamy
6.54,3.31,5.61,2.28,virginica,clay
6.91,3.3,6.77,2.6,virginica,clay
6.87,2.84,6.36,2.11,virginica,loamy
7.03,2.28,5.8,0.93,virginica,sandy
5.74,3.25,6.31,2.09,virginica,clay
7.18,3.78,5.13,2.42,virginica,clay
5.63,2.89,4.85,1.72,virginica,sandy
7.0,3.24,6.41,2.31,virginica,loamy
7.08,2.73,6.72,1.9,virginica,loamy
7.69,2.38,5.41,1.76,virginica,sandy
6.16,3.07,5.3,1.88,virginica,loamy
6.35,3.19,4.78,2.32,virginica,loamy
7.41,3.32,4.85,2.3,virginica,clay
5.67,3.16,4.5,2.11,virginica,clay
6.52,3.03,5.82,2.46,virginica,clay
5.42,2.78,6.13,1.68,virginica,sandy
5.8,1.93,4.81,2.03,virginica,loamy
5.36,2.51,5.16,1.93,virginica,loamy
7.49,3.06,7.68,2.17,virginica,clay
6.79,3.25,4.72,2.26,virginica,clay
6.38,2.24,5.3,1.71,virginica,sandy
5.16,3.2,5.64,1.43,virginica,loamy
